R(age 0),SSB,Fbar(3-5)
-0.0603083569742609,-0.0271819067081865,-0.016013836620511
